{
 "templeR0032": [
  [
   0.9999996716031089,
   0.0007009694051283098,
   0.0004067377132502102,
   -0.0007331361079040444
  ],
  [
   -0.0007009710006157811,
   0.9999997543126533,
   3.7801021072041677e-06,
   -0.00010821577270948581
  ],
  [
   -0.00040673496358397483,
   -4.065212207721048e-06,
   0.9999999172750683,
   -0.0008188517105636706
  ]
 ],
 "templeR0036": [
  [
   0.9969678653346111,
   0.06425493845277595,
   0.04389052716223328,
   -0.08852557964813758
  ],
  [
   -0.07728566066379443,
   0.8832885187621606,
   0.4624157428967022,
   -0.9691332347137019
  ],
  [
   -0.00905550362539713,
   -0.4644057444814589,
   0.8855762543941161,
   0.2304199354998075
  ]
 ],
 "templeR0034": [
  [
   0.9992862079850333,
   0.032604302809235174,
   0.01907967424293018,
   -0.03817579414772701
  ],
  [
   -0.03581037855169381,
   0.9783960220087885,
   0.20361444178977722,
   -0.4272618895412448
  ],
  [
   -0.012028770464059145,
   -0.20415235378437813,
   0.9788652231668162,
   0.041932513828521006
  ]
 ],
 "templeR0038": [
  [
   0.9935638072060781,
   0.08923194488953887,
   0.06977550445101392,
   -0.14164600053380413
  ],
  [
   -0.11286395745489058,
   0.7274973182326328,
   0.6767639020160191,
   -1.4205245962317388
  ],
  [
   0.009627466841480938,
   -0.68028325863243,
   0.7328860756670565,
   0.5452115281545319
  ]
 ],
 "templeR0044": [
  [
   0.9974626050309439,
   -0.057412772565313665,
   0.0420966163871501,
   -0.08704924931527101
  ],
  [
   0.0698190587893488,
   0.9044645557256575,
   -0.4207958726814682,
   0.8778644197385934
  ],
  [
   -0.013915839703473319,
   0.42266729348549376,
   0.9061780776552667,
   0.2077837263566776
  ]
 ],
 "templeR0042": [
  [
   0.9939842141546343,
   -0.0884539860532632,
   0.06458540363490128,
   -0.13450055662434512
  ],
  [
   0.10909719469099254,
   0.7476688597086303,
   -0.6550489129313568,
   1.3637198136562525
  ],
  [
   0.009653192319107183,
   0.6581543653074753,
   0.7528211257030216,
   0.5329350727633593
  ]
 ],
 "templeR0013": [
  [
   -0.9932083832956283,
   0.10145016294963952,
   -0.056964653854611275,
   0.1536329584522691
  ],
  [
   -0.11288450722409751,
   -0.7216479090158533,
   0.6829944241659807,
   -1.4657376650494753
  ],
  [
   0.02818147228334183,
   0.6847862147053914,
   0.7281989046746812,
   0.5856243331593474
  ]
 ],
 "templeR0015": [
  [
   -0.9897808642857426,
   0.129734090808003,
   -0.05918535609413291,
   0.1596889301319691
  ],
  [
   -0.11986003930265159,
   -0.5320694466363893,
   0.8381740123234634,
   -1.7861674825349447
  ],
  [
   0.07724902376169746,
   0.8367025574469505,
   0.5421820899749434,
   0.9795250630312916
  ]
 ],
 "templeR0017": [
  [
   -0.9937920504361992,
   0.04777964950412972,
   -0.10047121768485354,
   0.23445915719509544
  ],
  [
   -0.11115168317352592,
   -0.38776528739472294,
   0.9150319039352561,
   -1.9521676713615073
  ],
  [
   0.0047606530546580456,
   0.9205189769825228,
   0.39066884851180883,
   1.286050368235153
  ]
 ],
 "templeR0019": [
  [
   -0.9956343699611787,
   0.01715977824333101,
   -0.09174826081537663,
   0.21167435474413987
  ],
  [
   -0.09330399935099738,
   -0.2099546284259044,
   0.9732488981281455,
   -2.075598657111554
  ],
  [
   -0.0025622367407701283,
   0.9775605331708006,
   0.21063912013133768,
   1.660602613036394
  ]
 ],
 "templeR0021": [
  [
   -0.9953664941099515,
   0.028623363581855542,
   -0.0917945829584997,
   0.21323753573441476
  ],
  [
   -0.09495734934481034,
   -0.1424881567574634,
   0.9852310525908471,
   -2.1211248694014126
  ],
  [
   0.015120985704365361,
   0.9893825489875602,
   0.1445459357789315,
   1.8031196770379128
  ]
 ]
}